{"cameraMode":{"drawMode":0,"name":"Shaded","section":"Shading Mode"},"sceneLighting":true,"audioPlay":false,"sceneViewState":{"showFog":true,"showMaterialUpdate":false,"showSkybox":true,"showFlares":true,"showImageEffects":true,"showParticleSystems":true},"in2DMode":false,"pivot":{"x":49.974735260009769,"y":-13.718615531921387,"z":-7.220191955566406},"rotation":{"x":-0.10062282532453537,"y":-0.42097121477127077,"z":0.04705216735601425,"w":-0.9002577066421509},"size":75.2398452758789,"orthographic":false}